ID,Product,Price_Dolar
295665,Macbook Pro Laptop,1928
295666,LG Washing Machine,926
295667,USB-C Charging Cable,19
295668,27in FHD Monitor,121
295669,USB-C Charging Cable,17
295670,AA Batteries (4-pack),12
295671,USB-C Charging Cable,18
295672,USB-C Charging Cable,10
295673,Bose SoundSport Headphones,151
295674,AAA Batteries (4-pack),15
295675,USB-C Charging Cable,13
295676,ThinkPad Laptop,1619
295677,AA Batteries (4-pack),12
295678,AAA Batteries (4-pack),20
295679,USB-C Charging Cable,17
295680,Lightning Charging Cable,16
295681,Google Phone,957
295682,USB-C Charging Cable,18
295683,Bose SoundSport Headphones,151
295684,Wired Headphones,849
295685,USB-C Charging Cable,18
295686,Wired Headphones,725
295687,AAA Batteries (4-pack),13
295688,Wired Headphones,1105
295689,USB-C Charging Cable,18
295690,Apple Airpods Headphones,300
295691,Apple Airpods Headphones,201
295692,LG Washing Machine,760
295693,Apple Airpods Headphones,287
295694,Bose SoundSport Headphones,150
295695,AA Batteries (4-pack),18
295696,Wired Headphones,1150
295697,Lightning Charging Cable,16
295698,Lightning Charging Cable,15
295699,Lightning Charging Cable,13
295700,ThinkPad Laptop,1088
295701,Vareebadd Phone,658
295702,USB-C Charging Cable,13
295703,AA Batteries (4-pack),20
295704,Bose SoundSport Headphones,162
295705,Bose SoundSport Headphones,190
295706,Wired Headphones,1027
295707,AA Batteries (4-pack),12
295708,Bose SoundSport Headphones,163
295709,Wired Headphones,693
295710,Wired Headphones,1023
295711,AAA Batteries (4-pack),12
295712,Lightning Charging Cable,13
295713,27in FHD Monitor,110
295714,Bose SoundSport Headphones,170
295715,AAA Batteries (4-pack),19
295716,AAA Batteries (4-pack),12
295717,Macbook Pro Laptop,1963
295718,Bose SoundSport Headphones,180
295719,iPhone,1279
295720,USB-C Charging Cable,15
295721,20in Monitor,596
295722,Macbook Pro Laptop,1841
295723,Lightning Charging Cable,19
295724,27in FHD Monitor,173
295725,AA Batteries (4-pack),20
295726,34in Ultrawide Monitor,520
295727,Wired Headphones,704
295728,AA Batteries (4-pack),14
295729,AA Batteries (4-pack),15
295730,AAA Batteries (4-pack),10
295731,iPhone,1311
295732,Lightning Charging Cable,20
295733,Bose SoundSport Headphones,171
295734,27in FHD Monitor,185
295735,34in Ultrawide Monitor,682
295736,34in Ultrawide Monitor,742
295737,USB-C Charging Cable,12
295738,Apple Airpods Headphones,276
295739,27in FHD Monitor,184
295740,AAA Batteries (4-pack),15
295741,iPhone,1641
295742,Apple Airpods Headphones,277
295743,Wired Headphones,852
295744,USB-C Charging Cable,20
295745,iPhone,1781
295746,Lightning Charging Cable,12
295747,AAA Batteries (4-pack),18
295748,USB-C Charging Cable,12
295749,USB-C Charging Cable,20
295750,Apple Airpods Headphones,264
295751,Apple Airpods Headphones,216
295752,USB-C Charging Cable,20
295753,AA Batteries (4-pack),17
295754,Flatscreen TV,894
295755,27in FHD Monitor,140
295756,AA Batteries (4-pack),17
295757,Wired Headphones,600
295758,Wired Headphones,712
295759,Bose SoundSport Headphones,163
295760,AAA Batteries (4-pack),14
295761,Google Phone,1155
295762,34in Ultrawide Monitor,659
295763,Lightning Charging Cable,18
295764,Lightning Charging Cable,17
295765,Apple Airpods Headphones,289
295766,34in Ultrawide Monitor,542
295767,AA Batteries (4-pack),18
295768,Wired Headphones,520
295769,Bose SoundSport Headphones,192
295770,Wired Headphones,1172
295771,Bose SoundSport Headphones,167
295772,Lightning Charging Cable,10
295773,iPhone,1287
295774,27in FHD Monitor,153
295775,Lightning Charging Cable,14
295776,Wired Headphones,1041
295777,Lightning Charging Cable,17
295778,AAA Batteries (4-pack),18
295779,AAA Batteries (4-pack),14
295780,Bose SoundSport Headphones,200
295781,Bose SoundSport Headphones,200
295782,AAA Batteries (4-pack),14
295783,Lightning Charging Cable,14
295784,Apple Airpods Headphones,283
295785,Bose SoundSport Headphones,195
295786,Google Phone,1213
295787,USB-C Charging Cable,17
295788,AAA Batteries (4-pack),16
295789,AA Batteries (4-pack),18
295790,Wired Headphones,856
295791,USB-C Charging Cable,20
295792,USB-C Charging Cable,15
295793,34in Ultrawide Monitor,753
295794,Vareebadd Phone,402
295795,USB-C Charging Cable,10
295796,USB-C Charging Cable,12
295797,Bose SoundSport Headphones,194
295798,USB-C Charging Cable,10
295799,Apple Airpods Headphones,251
295800,USB-C Charging Cable,18
295801,AA Batteries (4-pack),14
295802,Lightning Charging Cable,13
295803,Lightning Charging Cable,10
295804,USB-C Charging Cable,17
295805,Lightning Charging Cable,11
295806,Google Phone,1088
295807,USB-C Charging Cable,19
295808,27in 4K Gaming Monitor,1043
295809,Apple Airpods Headphones,280
295810,Lightning Charging Cable,12
295811,Wired Headphones,708
295812,Wired Headphones,1193
295813,AAA Batteries (4-pack),17
295814,AAA Batteries (4-pack),10
295815,Lightning Charging Cable,10
295816,34in Ultrawide Monitor,773
295817,Lightning Charging Cable,18
295818,Apple Airpods Headphones,218
295819,Wired Headphones,798
295820,Lightning Charging Cable,11
295821,20in Monitor,570
295822,AAA Batteries (4-pack),10
295823,27in FHD Monitor,147
295824,Lightning Charging Cable,11
295825,AAA Batteries (4-pack),17
295826,AA Batteries (4-pack),11
295827,Bose SoundSport Headphones,161
295828,AA Batteries (4-pack),12
295829,Lightning Charging Cable,14
295830,USB-C Charging Cable,10
295831,USB-C Charging Cable,20
295832,20in Monitor,286
295833,Wired Headphones,1054
295834,Lightning Charging Cable,12
295835,Bose SoundSport Headphones,150
295836,Bose SoundSport Headphones,190
295837,Google Phone,906
295838,Wired Headphones,586
295839,iPhone,1630
295840,Wired Headphones,1186
295841,Apple Airpods Headphones,221
295842,USB-C Charging Cable,14
295843,Bose SoundSport Headphones,160
295844,USB-C Charging Cable,17
295845,Google Phone,1103
295846,USB-C Charging Cable,16
295847,Bose SoundSport Headphones,166
295848,27in 4K Gaming Monitor,961
295849,AA Batteries (4-pack),10
295850,USB-C Charging Cable,19
295851,Google Phone,913
295852,USB-C Charging Cable,20
295853,Lightning Charging Cable,20
295854,Bose SoundSport Headphones,189
295855,34in Ultrawide Monitor,615
295856,Apple Airpods Headphones,236
295857,27in 4K Gaming Monitor,1114
295858,Wired Headphones,1067
295859,Apple Airpods Headphones,245
295860,Bose SoundSport Headphones,162
295861,AA Batteries (4-pack),20
295862,Lightning Charging Cable,14
295863,Flatscreen TV,1268
295864,34in Ultrawide Monitor,617
295865,Lightning Charging Cable,17
295866,Wired Headphones,542
295867,USB-C Charging Cable,12
295868,iPhone,1420
295869,ThinkPad Laptop,1170
295870,Wired Headphones,766
295871,iPhone,1395
295872,20in Monitor,568
295873,USB-C Charging Cable,18
295874,USB-C Charging Cable,11
295875,AAA Batteries (4-pack),17
295876,USB-C Charging Cable,10
295877,USB-C Charging Cable,15
295878,Lightning Charging Cable,20
295879,AAA Batteries (4-pack),18
295880,AA Batteries (4-pack),13
295881,27in 4K Gaming Monitor,835
295882,Bose SoundSport Headphones,162
295883,Wired Headphones,804
295884,Wired Headphones,597
295885,USB-C Charging Cable,20
295886,Lightning Charging Cable,12
295887,Lightning Charging Cable,13
295888,Macbook Pro Laptop,1564
295889,34in Ultrawide Monitor,703
295890,Google Phone,1489
295891,Wired Headphones,555
295892,Lightning Charging Cable,12
295893,AA Batteries (4-pack),18
295894,27in FHD Monitor,102
295895,USB-C Charging Cable,10
295896,34in Ultrawide Monitor,549
295897,AA Batteries (4-pack),15
295898,USB-C Charging Cable,14
295899,Wired Headphones,1151
295900,27in 4K Gaming Monitor,805
295901,AAA Batteries (4-pack),14
295911,iPhone,1534
295912,Wired Headphones,796
295913,Wired Headphones,948
295914,Lightning Charging Cable,20
295915,USB-C Charging Cable,14
295916,ThinkPad Laptop,1134
295917,27in 4K Gaming Monitor,790
295918,USB-C Charging Cable,18
295919,AAA Batteries (4-pack),19
295920,27in FHD Monitor,181
295921,AAA Batteries (4-pack),20
295922,Flatscreen TV,730
295923,27in FHD Monitor,100
295924,AA Batteries (4-pack),18
295925,USB-C Charging Cable,18
295926,AA Batteries (4-pack),17
295927,20in Monitor,573
295928,Apple Airpods Headphones,261
295929,AA Batteries (4-pack),16
295930,Apple Airpods Headphones,246
295931,AAA Batteries (4-pack),10
295932,Google Phone,1062
295933,Lightning Charging Cable,11
295934,27in FHD Monitor,174
295935,AA Batteries (4-pack),18
295936,AAA Batteries (4-pack),17
295937,Bose SoundSport Headphones,196
295938,27in 4K Gaming Monitor,876
295939,27in FHD Monitor,173
295940,Bose SoundSport Headphones,197
295941,Lightning Charging Cable,11
295942,Wired Headphones,992
295943,AA Batteries (4-pack),18
295944,Lightning Charging Cable,12
295945,Wired Headphones,983
295946,AAA Batteries (4-pack),17
295947,Apple Airpods Headphones,278
295948,Wired Headphones,589
295949,Bose SoundSport Headphones,199
295950,Apple Airpods Headphones,266
295951,Bose SoundSport Headphones,196
295952,AAA Batteries (4-pack),15
295953,27in 4K Gaming Monitor,826
295954,AA Batteries (4-pack),11
295955,AAA Batteries (4-pack),17
295956,Lightning Charging Cable,15
295957,Lightning Charging Cable,17
295958,AA Batteries (4-pack),11
295959,Wired Headphones,978
295960,ThinkPad Laptop,1265
295961,Google Phone,1202
295962,AAA Batteries (4-pack),13
295963,27in 4K Gaming Monitor,1185
295964,Wired Headphones,838
295965,20in Monitor,536
295966,AA Batteries (4-pack),18
295967,Macbook Pro Laptop,1912
295968,Bose SoundSport Headphones,151
295969,AA Batteries (4-pack),14
295970,Lightning Charging Cable,15
295971,USB-C Charging Cable,20
295972,Flatscreen TV,1329
295973,Flatscreen TV,1345
295974,27in FHD Monitor,135
295975,USB-C Charging Cable,16
295976,AAA Batteries (4-pack),17
295977,Lightning Charging Cable,13
295978,AAA Batteries (4-pack),20
295979,AAA Batteries (4-pack),11
295980,AA Batteries (4-pack),19
295981,AA Batteries (4-pack),12
295982,20in Monitor,387
295983,Macbook Pro Laptop,1552
295984,Bose SoundSport Headphones,200
295985,iPhone,1407
295986,Lightning Charging Cable,17
295987,AAA Batteries (4-pack),18
295988,AA Batteries (4-pack),20
295989,USB-C Charging Cable,17
295990,AA Batteries (4-pack),16
295991,AA Batteries (4-pack),17
295992,USB-C Charging Cable,16
295993,AA Batteries (4-pack),14
295994,USB-C Charging Cable,16
295995,USB-C Charging Cable,11
295996,Bose SoundSport Headphones,151
295997,Wired Headphones,941
295998,27in FHD Monitor,163
295999,Bose SoundSport Headphones,184
296000,27in 4K Gaming Monitor,822
296001,Lightning Charging Cable,13
296002,Vareebadd Phone,678
296003,AA Batteries (4-pack),17
296004,Lightning Charging Cable,18
296005,Lightning Charging Cable,10
296006,USB-C Charging Cable,16
296007,34in Ultrawide Monitor,693
296008,AA Batteries (4-pack),10
296009,Lightning Charging Cable,13
296010,ThinkPad Laptop,1082
296011,iPhone,1741
296012,Lightning Charging Cable,13
296013,iPhone,1301
296014,AAA Batteries (4-pack),16
296015,Lightning Charging Cable,12
296016,27in 4K Gaming Monitor,724
296017,Bose SoundSport Headphones,165
296018,Apple Airpods Headphones,253
296019,AAA Batteries (4-pack),11
296020,Flatscreen TV,1093
296021,USB-C Charging Cable,15
296022,Wired Headphones,1086
296023,AAA Batteries (4-pack),16
296024,USB-C Charging Cable,18
296025,Apple Airpods Headphones,259
296026,AAA Batteries (4-pack),17
296027,USB-C Charging Cable,15
296028,Lightning Charging Cable,11
296029,Google Phone,936
296030,USB-C Charging Cable,16
296031,27in 4K Gaming Monitor,712
296032,27in 4K Gaming Monitor,740
296033,iPhone,1583
296034,AAA Batteries (4-pack),15
296035,AAA Batteries (4-pack),12
296036,Lightning Charging Cable,19
296037,Bose SoundSport Headphones,180
296038,USB-C Charging Cable,20
296039,AAA Batteries (4-pack),20
296040,Bose SoundSport Headphones,196
296041,34in Ultrawide Monitor,539
296042,Wired Headphones,982
296043,Wired Headphones,595
296044,20in Monitor,505
296045,AA Batteries (4-pack),19
296046,AA Batteries (4-pack),18
296047,Apple Airpods Headphones,280
296048,AAA Batteries (4-pack),20
296049,Vareebadd Phone,419
296050,27in 4K Gaming Monitor,1103
296051,Macbook Pro Laptop,1692
296052,Google Phone,945
296053,Bose SoundSport Headphones,153
296054,27in FHD Monitor,124
296055,Google Phone,1418
296056,Lightning Charging Cable,10
296057,Wired Headphones,557
296058,AA Batteries (4-pack),12
296059,Bose SoundSport Headphones,194
296060,Wired Headphones,1196
296061,27in FHD Monitor,156
296062,Flatscreen TV,993
296063,27in FHD Monitor,154
296064,Lightning Charging Cable,10
296065,AA Batteries (4-pack),11
296066,34in Ultrawide Monitor,558
296067,USB-C Charging Cable,12
296068,AAA Batteries (4-pack),17
296069,AAA Batteries (4-pack),14
296070,27in FHD Monitor,118
296071,USB-C Charging Cable,12
296072,Wired Headphones,1130
296073,Apple Airpods Headphones,217
296074,34in Ultrawide Monitor,667
296075,ThinkPad Laptop,1554
296076,Apple Airpods Headphones,279
296077,Google Phone,1275
296078,AAA Batteries (4-pack),12
296079,USB-C Charging Cable,15
296080,USB-C Charging Cable,14
296081,iPhone,1470
296082,Apple Airpods Headphones,270
296083,27in FHD Monitor,147
296084,Apple Airpods Headphones,289
296085,USB-C Charging Cable,10
296086,Lightning Charging Cable,15
296087,27in 4K Gaming Monitor,1100
296088,Apple Airpods Headphones,264
296089,Macbook Pro Laptop,1676
296090,AAA Batteries (4-pack),10
296091,Lightning Charging Cable,20
296092,27in FHD Monitor,127
296093,USB-C Charging Cable,15
296094,Lightning Charging Cable,20
296095,Lightning Charging Cable,18
296096,AAA Batteries (4-pack),18
296097,Macbook Pro Laptop,1951
296098,34in Ultrawide Monitor,682
296099,Flatscreen TV,1035
296100,Wired Headphones,1179
296101,USB-C Charging Cable,14
296102,Flatscreen TV,1216
296103,27in 4K Gaming Monitor,707
296104,iPhone,1572
296105,27in 4K Gaming Monitor,748
296106,Google Phone,1060
296107,27in 4K Gaming Monitor,799
296108,AAA Batteries (4-pack),14
296109,iPhone,1479
296110,Lightning Charging Cable,14
296111,USB-C Charging Cable,10
296112,Apple Airpods Headphones,278
296113,34in Ultrawide Monitor,707
296114,Wired Headphones,890
296115,iPhone,1316
296116,AA Batteries (4-pack),20
296117,Wired Headphones,822
296118,27in FHD Monitor,105
296119,Apple Airpods Headphones,228
296120,AAA Batteries (4-pack),14
296121,Wired Headphones,529
296122,Lightning Charging Cable,13
296123,27in 4K Gaming Monitor,1033
296124,Flatscreen TV,987
296125,Bose SoundSport Headphones,175
296126,Lightning Charging Cable,20
296127,Wired Headphones,828
296128,Lightning Charging Cable,17
296129,Apple Airpods Headphones,228
296130,AA Batteries (4-pack),13
296131,iPhone,1375
296132,Apple Airpods Headphones,243
296133,34in Ultrawide Monitor,712
296134,AA Batteries (4-pack),19
296135,34in Ultrawide Monitor,621
296136,AAA Batteries (4-pack),10
296137,Bose SoundSport Headphones,193
296138,AAA Batteries (4-pack),17
296139,AA Batteries (4-pack),20
296140,AAA Batteries (4-pack),20
296141,USB-C Charging Cable,19
296142,USB-C Charging Cable,11
296143,USB-C Charging Cable,15
296144,27in 4K Gaming Monitor,1185
296145,Lightning Charging Cable,16
296146,27in FHD Monitor,157
296147,Macbook Pro Laptop,1662
296148,USB-C Charging Cable,11
296149,AAA Batteries (4-pack),11
296150,Apple Airpods Headphones,235
296151,27in FHD Monitor,150
296152,Bose SoundSport Headphones,170
296153,20in Monitor,220
296154,AA Batteries (4-pack),13
296155,AAA Batteries (4-pack),14
296156,AA Batteries (4-pack),16
296157,Lightning Charging Cable,13
296158,USB-C Charging Cable,15
296159,Wired Headphones,639
296160,34in Ultrawide Monitor,778
296161,Bose SoundSport Headphones,189
296162,Macbook Pro Laptop,1756
296163,Lightning Charging Cable,13
296164,Bose SoundSport Headphones,166
296165,Google Phone,870
296166,AAA Batteries (4-pack),13
296167,iPhone,1406
296168,Apple Airpods Headphones,274
296169,27in 4K Gaming Monitor,1143
296170,USB-C Charging Cable,19
296171,Google Phone,1282
296172,27in FHD Monitor,163
296173,AAA Batteries (4-pack),10
296174,Apple Airpods Headphones,286
296175,AA Batteries (4-pack),13
296176,USB-C Charging Cable,14
296177,Lightning Charging Cable,10
296178,Apple Airpods Headphones,282
296179,Lightning Charging Cable,16
296180,AA Batteries (4-pack),17
296181,Lightning Charging Cable,10
296182,AAA Batteries (4-pack),18
296183,USB-C Charging Cable,20
296184,Wired Headphones,808
296185,Wired Headphones,837
296186,AAA Batteries (4-pack),20
296187,Lightning Charging Cable,15
296188,27in FHD Monitor,177
296189,Lightning Charging Cable,16
296190,AA Batteries (4-pack),15
296191,Wired Headphones,741
296192,AAA Batteries (4-pack),19
296193,ThinkPad Laptop,1340
296194,iPhone,1453
296195,AA Batteries (4-pack),15
296196,Bose SoundSport Headphones,157
296197,Wired Headphones,1138
296198,Apple Airpods Headphones,202
296199,27in FHD Monitor,114
296200,Bose SoundSport Headphones,156
296201,Wired Headphones,820
296202,ThinkPad Laptop,1636
296203,AAA Batteries (4-pack),11
296204,Apple Airpods Headphones,225
296205,AA Batteries (4-pack),19
296206,Wired Headphones,844
296207,Bose SoundSport Headphones,158
296208,USB-C Charging Cable,19
296209,27in 4K Gaming Monitor,797
296210,Apple Airpods Headphones,241
296211,Apple Airpods Headphones,217
296212,Google Phone,1174
296213,USB-C Charging Cable,20
296214,27in FHD Monitor,172
296215,AA Batteries (4-pack),15
296216,AA Batteries (4-pack),17
296217,USB-C Charging Cable,10
296218,Bose SoundSport Headphones,191
296219,AAA Batteries (4-pack),18
296220,Apple Airpods Headphones,249
296221,Apple Airpods Headphones,268
296222,Lightning Charging Cable,20
296223,20in Monitor,543
296224,Vareebadd Phone,655
296225,Google Phone,1244
296226,Bose SoundSport Headphones,195
296227,AA Batteries (4-pack),12
296228,USB-C Charging Cable,17
296229,34in Ultrawide Monitor,591
296230,Apple Airpods Headphones,245
296231,USB-C Charging Cable,20
296232,27in 4K Gaming Monitor,829
296233,Wired Headphones,744
296234,27in 4K Gaming Monitor,1096
296235,AA Batteries (4-pack),20
296236,Macbook Pro Laptop,1578
296237,AAA Batteries (4-pack),19
296238,27in FHD Monitor,160
296239,iPhone,1667
296240,Bose SoundSport Headphones,179
296241,Apple Airpods Headphones,243
296242,AA Batteries (4-pack),10
296243,AA Batteries (4-pack),18
296244,AA Batteries (4-pack),20
296245,Lightning Charging Cable,20
296246,Apple Airpods Headphones,232
296247,Apple Airpods Headphones,297
296248,Apple Airpods Headphones,252
296249,AA Batteries (4-pack),15
296250,Bose SoundSport Headphones,150
296251,Lightning Charging Cable,18
296252,Apple Airpods Headphones,247
296253,27in 4K Gaming Monitor,826
296254,Flatscreen TV,1299
296255,Google Phone,1373
296256,USB-C Charging Cable,14
296257,USB-C Charging Cable,19
296258,AA Batteries (4-pack),14
296259,AA Batteries (4-pack),20
296260,iPhone,1394
296261,USB-C Charging Cable,11
296262,AA Batteries (4-pack),10
296263,27in FHD Monitor,161
296264,ThinkPad Laptop,1503
296265,Lightning Charging Cable,14
296266,USB-C Charging Cable,13
296267,USB-C Charging Cable,15
296268,USB-C Charging Cable,14
296269,34in Ultrawide Monitor,748
296270,USB-C Charging Cable,18
296271,Lightning Charging Cable,15
296272,Apple Airpods Headphones,283
296273,AAA Batteries (4-pack),18
296274,Flatscreen TV,712
296275,Wired Headphones,748
296276,Lightning Charging Cable,19
296277,Apple Airpods Headphones,263
296278,Lightning Charging Cable,13
296279,AA Batteries (4-pack),16
296280,USB-C Charging Cable,10
298573,ThinkPad Laptop,1218
298574,Bose SoundSport Headphones,183
298575,Apple Airpods Headphones,252
298576,AA Batteries (4-pack),11
298577,Wired Headphones,1119
298578,Bose SoundSport Headphones,156
298579,Wired Headphones,814
298580,Lightning Charging Cable,15
298581,Google Phone,1056
298582,Wired Headphones,550
298583,Lightning Charging Cable,14
298584,iPhone,1285
298585,27in FHD Monitor,164
298586,Flatscreen TV,908
298587,Lightning Charging Cable,15
298588,20in Monitor,440
298589,AA Batteries (4-pack),11
298590,USB-C Charging Cable,15
298591,Apple Airpods Headphones,206
298592,Flatscreen TV,1236
298593,Wired Headphones,606
298594,USB-C Charging Cable,18
298595,Lightning Charging Cable,12
298596,Vareebadd Phone,488
298597,USB-C Charging Cable,17
298598,34in Ultrawide Monitor,557
298599,AAA Batteries (4-pack),17
298600,Lightning Charging Cable,20
298601,Apple Airpods Headphones,238
298602,Lightning Charging Cable,11
298603,27in FHD Monitor,120
298604,Lightning Charging Cable,15
298605,Wired Headphones,1064
298606,Lightning Charging Cable,10
298607,AA Batteries (4-pack),16
298608,Wired Headphones,810
298609,Wired Headphones,650
298610,Apple Airpods Headphones,202
298611,20in Monitor,164
298612,Macbook Pro Laptop,1822
298613,USB-C Charging Cable,13
298614,27in 4K Gaming Monitor,809
298615,AAA Batteries (4-pack),10
298616,USB-C Charging Cable,19
298617,Flatscreen TV,1321
298618,AAA Batteries (4-pack),18
298619,27in FHD Monitor,168
298620,AAA Batteries (4-pack),19
298621,AAA Batteries (4-pack),15
298622,34in Ultrawide Monitor,710
298623,AAA Batteries (4-pack),16
298624,34in Ultrawide Monitor,574
298625,AAA Batteries (4-pack),18
298626,USB-C Charging Cable,11
298627,Wired Headphones,586
298628,Lightning Charging Cable,12
298629,AA Batteries (4-pack),13
298630,Lightning Charging Cable,13
298631,Apple Airpods Headphones,230
298632,Flatscreen TV,1111
298633,Bose SoundSport Headphones,161
298634,Macbook Pro Laptop,1920
298635,USB-C Charging Cable,20
298636,Bose SoundSport Headphones,154
298637,27in 4K Gaming Monitor,1191
298638,Apple Airpods Headphones,266
298639,Lightning Charging Cable,17
298640,Flatscreen TV,1310
298641,20in Monitor,126
298642,Lightning Charging Cable,18
298643,Google Phone,1485
298644,Lightning Charging Cable,19
298645,Wired Headphones,597
298646,Lightning Charging Cable,20
298647,Wired Headphones,544
298648,Wired Headphones,786
298649,USB-C Charging Cable,12
298650,USB-C Charging Cable,10
298651,ThinkPad Laptop,1244
298652,Apple Airpods Headphones,239
298653,Lightning Charging Cable,14
298654,LG Dryer,1137
298655,AAA Batteries (4-pack),14
298656,Bose SoundSport Headphones,194
298657,Google Phone,1455
298658,Lightning Charging Cable,16
298659,Lightning Charging Cable,11
298660,AAA Batteries (4-pack),17
298661,USB-C Charging Cable,13
298662,34in Ultrawide Monitor,618
298663,AA Batteries (4-pack),18
298664,Wired Headphones,756
298665,Macbook Pro Laptop,1585
298666,Bose SoundSport Headphones,173
298667,Apple Airpods Headphones,259
298668,AAA Batteries (4-pack),18
298669,AA Batteries (4-pack),12
298670,AA Batteries (4-pack),20
298671,AAA Batteries (4-pack),20
298672,Macbook Pro Laptop,1502
298673,Bose SoundSport Headphones,197
298674,Google Phone,1410
298675,Flatscreen TV,1169
298676,AA Batteries (4-pack),20
298677,Wired Headphones,801
298678,Lightning Charging Cable,11
298679,ThinkPad Laptop,1674
298680,Lightning Charging Cable,17
298681,Wired Headphones,962
298682,USB-C Charging Cable,12
298683,Macbook Pro Laptop,1504
298684,AA Batteries (4-pack),10
298685,Google Phone,1054
298686,Google Phone,1398
298687,Lightning Charging Cable,15
298688,iPhone,1736
298689,Apple Airpods Headphones,291
298690,27in FHD Monitor,101
298691,Wired Headphones,526
298692,Apple Airpods Headphones,288
298693,Google Phone,922
298694,USB-C Charging Cable,13
298695,27in 4K Gaming Monitor,1012
298696,AAA Batteries (4-pack),15
298697,LG Washing Machine,751
298698,USB-C Charging Cable,18
298699,ThinkPad Laptop,1448
298700,Bose SoundSport Headphones,152
298701,AA Batteries (4-pack),14
298702,27in 4K Gaming Monitor,1190
298703,Lightning Charging Cable,20
298704,Lightning Charging Cable,13
298705,Bose SoundSport Headphones,187
298706,Lightning Charging Cable,20
298707,ThinkPad Laptop,1023
298708,Google Phone,1500
298709,USB-C Charging Cable,17
298710,20in Monitor,284
298711,Wired Headphones,630
298712,Lightning Charging Cable,16
298713,AAA Batteries (4-pack),19
298714,AAA Batteries (4-pack),10
298715,Apple Airpods Headphones,267
298716,Apple Airpods Headphones,215
298717,AA Batteries (4-pack),18
298718,AAA Batteries (4-pack),17
298719,34in Ultrawide Monitor,587
298720,27in 4K Gaming Monitor,997
298721,AAA Batteries (4-pack),11
298722,34in Ultrawide Monitor,736
298723,Apple Airpods Headphones,296
298724,Flatscreen TV,1049
298725,AAA Batteries (4-pack),13
298726,ThinkPad Laptop,1304
298727,Apple Airpods Headphones,281
298728,Flatscreen TV,1338
298729,AAA Batteries (4-pack),19
298730,Flatscreen TV,1145
298731,Wired Headphones,1026
298732,AA Batteries (4-pack),14
298733,Lightning Charging Cable,10
298734,USB-C Charging Cable,11
298735,AA Batteries (4-pack),10
298736,27in FHD Monitor,142
298737,Wired Headphones,613
298738,Lightning Charging Cable,15
298739,AA Batteries (4-pack),15
298740,AAA Batteries (4-pack),13
298741,USB-C Charging Cable,12
298742,AA Batteries (4-pack),11
298743,Apple Airpods Headphones,283
298744,Apple Airpods Headphones,253
298745,Flatscreen TV,1270
298746,LG Dryer,943
298747,AAA Batteries (4-pack),14
298748,AAA Batteries (4-pack),11
298749,AAA Batteries (4-pack),19
298750,Lightning Charging Cable,20
298751,iPhone,1356
298752,AA Batteries (4-pack),20
298753,Lightning Charging Cable,10
298754,AAA Batteries (4-pack),19
298755,Wired Headphones,718
298756,AA Batteries (4-pack),14
298757,AAA Batteries (4-pack),10
298758,Apple Airpods Headphones,218
298759,Google Phone,1319
